name,resume
Antibiótico,"Medicamento utilizado para tratar infecções bacterianas em pets, como infecções de pele, respiratórias e urinárias. Age eliminando ou inibindo o crescimento de bactérias, prevenindo complicações e promovendo a recuperação do animal. Seu uso deve ser feito sob prescrição veterinária."
Anti-inflamatório,"Indicado para reduzir dores e inflamações causadas por lesões, cirurgias ou doenças crônicas, como artrite. Melhora a qualidade de vida do pet, aliviando o desconforto e promovendo maior mobilidade. Deve ser administrado com cuidado, pois o uso prolongado pode causar efeitos colaterais."
Mata-bicheira,"Produto de uso tópico que elimina larvas (bicheiras) em feridas de pets, causadas por moscas varejeiras. Além de remover as larvas, auxilia na cicatrização da lesão e evita infecções secundárias. É fundamental para tratar rapidamente essa condição, evitando complicações graves."
Colírios,"Soluções oftálmicas usadas para tratar irritações, inflamações, alergias ou infecções oculares em pets, como conjuntivite. Podem ter ação antibiótica, anti-inflamatória ou apenas lubrificante, dependendo da necessidade. Mantém a saúde ocular e alivia desconfortos."
Pomadas cicatrizantes,"Tópicos que aceleram a cicatrização de feridas, escoriações e lesões de pele. Ajudam a prevenir infecções, aliviando a dor e protegendo a área lesionada. São ideais para feridas cirúrgicas ou causadas por brigas, acidentes ou doenças de pele."
Solução otológica,"Líquido de uso veterinário para limpar e tratar problemas nos ouvidos de pets, como infecções bacterianas, fúngicas ou a presença de ácaros. É essencial para manter a higiene auricular e prevenir infecções que podem causar dor e perda auditiva."
Antimético,"Medicamento indicado para tratar e prevenir náuseas e vômitos em pets, seja por distúrbios gastrointestinais, viagens ou pós-cirurgia. Ajuda a estabilizar o estômago, proporcionando alívio imediato e melhorando o bem-estar do animal."
Pró e prebióticos,"Suplementos que ajudam a equilibrar a flora intestinal dos pets. Prebióticos servem como alimento para as bactérias benéficas, enquanto probióticos introduzem microrganismos vivos que auxiliam na digestão e reforçam o sistema imunológico. São essenciais para uma saúde digestiva otimizada."
Antidiarreico,"Medicamento usado para controlar diarreias causadas por infecções, dietas inadequadas ou estresse. Auxilia na recuperação do equilíbrio gastrointestinal, prevenindo a desidratação e ajudando o pet a voltar ao seu estado de saúde normal."
Sarnicida,"Produto utilizado para tratar e eliminar ácaros responsáveis pela sarna em pets. Alivia rapidamente a coceira, irritações e lesões causadas pela doença, promovendo a recuperação da pele e prevenindo a reinfestação. O tratamento deve ser feito de forma contínua para evitar recaídas."
Colírio,"Solução oftálmica específica para tratar infecções, irritações ou inflamações nos olhos. Pode ser antibacteriano ou lubrificante, dependendo da indicação. Usado para aliviar sintomas e prevenir problemas mais graves que possam comprometer a visão do pet."
